{
    "id": "5c3bac48",
    "elType": "e-flexbox",
    "settings": {
        "classes": {
            "$$type": "classes",
            "value": [
                "e-5c3bac48"
            ]
        }
    },
    "elements": [],
    "isInner": false,
    "styles": {
        "e-5c3bac48": {
            "id": "e-5c3bac48",
            "label": "local",
            "type": "class",
            "variants": [
                {
                    "meta": {
                        "breakpoint": "desktop",
                        "state": null
                    },
                    "props": {
                        "min-height": {
                            "$$type": "size",
                            "value": {
                                "size": 834,
                                "unit": "px"
                            }
                        },
                        "border-radius": {
                            "$$type": "size",
                            "value": {
                                "size": 10,
                                "unit": "px"
                            }
                        },
                        "border-width": {
                            "$$type": "size",
                            "value": {
                                "size": 10,
                                "unit": "px"
                            }
                        },
                        "border-color": {
                            "$$type": "color",
                            "value": "#C0C45E"
                        },
                        "border-style": {
                            "$$type": "string",
                            "value": "solid"
                        },
                        "background": {
                            "$$type": "background",
                            "value": {
                                "color": {
                                    "$$type": "color",
                                    "value": "#66C784"
                                }
                            }
                        },
                        "box-shadow": {
                            "$$type": "box-shadow",
                            "value": [
                                {
                                    "$$type": "shadow",
                                    "value": {
                                        "hOffset": {
                                            "$$type": "size",
                                            "value": {
                                                "size": 13,
                                                "unit": "px"
                                            }
                                        },
                                        "vOffset": {
                                            "$$type": "size",
                                            "value": {
                                                "size": 0,
                                                "unit": "px"
                                            }
                                        },
                                        "blur": {
                                            "$$type": "size",
                                            "value": {
                                                "size": 10,
                                                "unit": "px"
                                            }
                                        },
                                        "spread": {
                                            "$$type": "size",
                                            "value": {
                                                "size": 0,
                                                "unit": "px"
                                            }
                                        },
                                        "color": {
                                            "$$type": "color",
                                            "value": "rgba(0,0,0,0.5)"
                                        }
                                    }
                                }
                            ]
                        }
                    }
                }
            ]
        }
    }
} 