{"content":[{"id":"643de440","settings":{"boxed_width":{"unit":"px","size":748,"sizes":[]},"min_height":{"unit":"px","size":477,"sizes":[]},"background_background":"classic","background_color":"#C7667E","border_border":"solid","border_width":{"unit":"px","top":"10","right":"10","bottom":"10","left":"10","isLinked":true},"border_color":"#C0C45E","border_radius":{"unit":"px","top":"10","right":"10","bottom":"10","left":"10","isLinked":true},"box_shadow_box_shadow_type":"yes","box_shadow_box_shadow":{"horizontal":13,"vertical":0,"blur":10,"spread":0,"color":"rgba(0,0,0,0.5)"}},"elements":[],"isInner":false,"elType":"container"}],"page_settings":[],"version":"0.4","title":"v3-old","type":"container"}